{
    "Measurement" :
    {
	"alpha" : 0.87406,
	"dec" : -0.07313,
	"alphaDot" : 7.29274e-5,
	"decDot" : 6.81829e-7
    },

    "Station" :
    {
	"rx" : 5655.719,
	"ry" : 1925.262,
	"rz" : 2234.277,
	"vx" : -0.1404001,
	"vy" : 0.4121821,
	"vz" : 0.0002260
    },

    "Constraints" :
    {
	"aMin" : 36000,
	"aMax" : 47000,
	"eMax": 0.1,
	"sigmaTildeRho" : 5,
	"sigmaTildeRhoDot" : 0.01,
	"separationDistance" : 5
    }
}
